index,data_0,tag_0
2006-12-16,1209.1760000000006,5
2006-12-17,3390.46,6
2006-12-18,2203.8259999999964,0
2006-12-19,1666.1940000000006,1
2006-12-20,2225.747999999999,2
2006-12-21,1716.6239999999993,3
2006-12-22,2341.3379999999993,4
2006-12-23,4773.385999999998,5
2006-12-24,2550.012000000007,6
2006-12-25,2743.1200000000053,0
2006-12-26,3934.11,1
2006-12-27,1528.7600000000004,2
2006-12-28,2072.638,3
2006-12-29,3174.3919999999966,4
2006-12-30,2789.3020000000015,5
2006-12-31,3494.1959999999995,6
2007-01-01,2749.004000000016,0
2007-01-02,1269.2360000000006,1
2007-01-03,1014.0540000000005,2
2007-01-04,3259.4119999999907,3
2007-01-05,2713.3639999999928,4
2007-01-06,1508.3779999999997,5
2007-01-07,2447.620000000002,6
2007-01-08,2241.3599999999974,0
2007-01-09,1869.053999999999,1
2007-01-10,2154.799999999996,2
2007-01-11,2255.1940000000004,3
2007-01-12,1461.2960000000023,4
2007-01-13,3186.813999999998,5
2007-01-14,3007.815999999998,6
2007-01-15,2148.677999999998,0
2007-01-16,1686.4039999999998,1
2007-01-17,2847.6879999999987,2
2007-01-18,1821.4620000000011,3
2007-01-19,1480.4400000000028,4
2007-01-20,3133.7319999999963,5
2007-01-21,3407.261999999998,6
2007-01-22,2180.494,0
2007-01-23,1777.6400000000003,1
2007-01-24,2987.853999999998,2
2007-01-25,1596.3439999999975,3
2007-01-26,1617.9719999999984,4
2007-01-27,2044.0720000000008,5
2007-01-28,3090.203999999989,6
2007-01-29,1982.6640000000002,0
2007-01-30,1707.7979999999984,1
2007-01-31,2363.7520000000013,2
2007-02-01,1824.76,3
2007-02-02,1667.7359999999976,4
2007-02-03,4029.721999999996,5
2007-02-04,3595.9400000000023,6
2007-02-05,1645.2799999999997,0
2007-02-06,1273.4800000000005,1
2007-02-07,2328.018000000001,2
2007-02-08,1801.4140000000002,3
2007-02-09,1620.198000000001,4
2007-02-10,2829.3279999999995,5
2007-02-11,3571.2279999999987,6
2007-02-12,1877.6100000000004,0
2007-02-13,1414.5460000000003,1
2007-02-14,2498.6719999999964,2
2007-02-15,1985.3459999999977,3
2007-02-16,1702.5279999999975,4
2007-02-17,2076.9120000000025,5
2007-02-18,3829.762000000007,6
2007-02-19,2186.6139999999978,0
2007-02-20,3149.928000000004,1
2007-02-21,2072.8740000000025,2
2007-02-22,3369.4779999999955,3
2007-02-23,1313.4800000000025,4
2007-02-24,714.9220000000016,5
2007-02-25,501.74000000000103,6
2007-02-26,568.484,0
2007-02-27,518.1119999999974,1
2007-02-28,520.774000000001,2
2007-03-01,517.5640000000016,3
2007-03-02,515.6880000000006,4
2007-03-03,819.1220000000008,5
2007-03-04,2090.700000000001,6
2007-03-05,2660.332000000001,0
2007-03-06,1246.4999999999977,1
2007-03-07,2375.2060000000024,2
2007-03-08,1572.1319999999964,3
2007-03-09,1272.6119999999996,4
2007-03-10,2484.712000000008,5
2007-03-11,3480.636000000001,6
2007-03-12,1950.6680000000008,0
2007-03-13,1290.1440000000034,1
2007-03-14,1793.3639999999998,2
2007-03-15,1884.8140000000012,3
2007-03-16,1702.053999999999,4
2007-03-17,2028.090000000002,5
2007-03-18,2371.045999999996,6
2007-03-19,2152.5179999999987,0
2007-03-20,2086.2279999999996,1
2007-03-21,2142.092000000001,2
2007-03-22,1454.9779999999998,3
2007-03-23,1309.008,4
2007-03-24,2968.430000000003,5
2007-03-25,3336.1240000000016,6
2007-03-26,1416.0819999999994,0
2007-03-27,1105.1399999999999,1
2007-03-28,2333.8980000000015,2
2007-03-29,1590.405999999999,3
2007-03-30,1402.3939999999977,4
2007-03-31,3509.510000000001,5
2007-04-01,2785.952000000006,6
2007-04-02,1960.7780000000037,0
2007-04-03,1642.819999999997,1
2007-04-04,2051.867999999997,2
2007-04-05,1844.078,3
2007-04-06,1601.1400000000006,4
2007-04-07,1553.9239999999988,5
2007-04-08,1608.8159999999975,6
2007-04-09,1000.9200000000026,0
2007-04-10,777.3640000000003,1
2007-04-11,887.4820000000022,2
2007-04-12,537.7060000000009,3
2007-04-13,551.0220000000013,4
2007-04-14,554.2680000000017,5
2007-04-15,726.1640000000002,6
2007-04-16,952.3899999999998,0
2007-04-17,1223.7340000000017,1
2007-04-18,998.2460000000004,2
2007-04-19,1028.6580000000035,3
2007-04-20,822.5799999999998,4
2007-04-21,1673.6559999999981,5
2007-04-22,2233.714000000001,6
2007-04-23,1054.5659999999993,0
2007-04-24,1032.0999999999995,1
2007-04-25,1264.1619999999994,2
2007-04-26,1275.4660000000006,3
2007-04-27,1094.3319999999985,4
2007-04-28,22.738000000000003,5
2007-04-30,420.82199999999995,0
2007-05-01,1663.8579999999988,1
2007-05-02,1003.4860000000006,2
2007-05-03,1090.2379999999994,3
2007-05-04,998.1280000000025,4
2007-05-05,1563.052000000002,5
2007-05-06,2102.1040000000007,6
2007-05-07,1643.6640000000007,0
2007-05-08,1789.2920000000001,1
2007-05-09,1665.7359999999992,2
2007-05-10,707.8840000000004,3
2007-05-11,979.1539999999999,4
2007-05-12,1441.5659999999966,5
2007-05-13,1634.7379999999973,6
2007-05-14,1467.7820000000015,0
2007-05-15,904.3919999999999,1
2007-05-16,1692.9439999999995,2
2007-05-17,1231.8159999999982,3
2007-05-18,1631.5299999999977,4
2007-05-19,1429.4419999999977,5
2007-05-20,1968.327999999999,6
2007-05-21,1120.0620000000017,0
2007-05-22,1132.8519999999992,1
2007-05-23,1464.936000000004,2
2007-05-24,1154.3880000000015,3
2007-05-25,1614.2199999999975,4
2007-05-26,1512.247999999999,5
2007-05-27,2153.807999999997,6
2007-05-28,1637.4680000000008,0
2007-05-29,1061.339999999998,1
2007-05-30,1609.8659999999998,2
2007-05-31,938.5500000000006,3
2007-06-01,1044.9179999999985,4
2007-06-02,1484.361999999998,5
2007-06-03,2108.0259999999994,6
2007-06-04,911.6179999999988,0
2007-06-05,1458.8920000000016,1
2007-06-06,1693.6379999999965,2
2007-06-07,985.0020000000013,3
2007-06-08,2148.0459999999994,4
2007-06-09,1059.814,5
2007-06-10,1340.812,6
2007-06-11,794.6539999999994,0
2007-06-12,918.7659999999988,1
2007-06-13,927.2720000000005,2
2007-06-14,1259.0839999999998,3
2007-06-15,989.6040000000004,4
2007-06-16,2017.7620000000002,5
2007-06-17,1947.0900000000022,6
2007-06-18,678.4740000000023,0
2007-06-19,842.359999999999,1
2007-06-20,1074.2860000000035,2
2007-06-21,806.945999999999,3
2007-06-22,566.2939999999991,4
2007-06-23,477.5660000000013,5
2007-06-24,714.6559999999973,6
2007-06-25,1072.2019999999993,0
2007-06-26,944.9079999999974,1
2007-06-27,1480.8259999999977,2
2007-06-28,1295.4379999999987,3
2007-06-29,1304.1979999999992,4
2007-06-30,1335.3139999999985,5
2007-07-01,1026.6639999999995,6
2007-07-02,967.0319999999984,0
2007-07-03,1059.9119999999991,1
2007-07-04,1003.4100000000022,2
2007-07-05,1057.2899999999977,3
2007-07-06,1069.5239999999988,4
2007-07-07,1358.205999999999,5
2007-07-08,1089.0800000000013,6
2007-07-09,1180.1579999999994,0
2007-07-10,908.3239999999973,1
2007-07-11,722.351999999995,2
2007-07-12,1069.5819999999999,3
2007-07-13,794.382000000002,4
2007-07-14,1288.1699999999992,5
2007-07-15,917.0239999999989,6
2007-07-16,853.6739999999998,0
2007-07-17,719.6320000000031,1
2007-07-18,757.0820000000015,2
2007-07-19,677.886000000001,3
2007-07-20,1110.4220000000007,4
2007-07-21,1060.2480000000014,5
2007-07-22,1375.7740000000003,6
2007-07-23,991.0179999999997,0
2007-07-24,825.2840000000006,1
2007-07-25,472.5600000000039,2
2007-07-26,924.5000000000014,3
2007-07-27,1202.5139999999994,4
2007-07-28,1621.8620000000014,5
2007-07-29,321.11600000000084,6
2007-07-30,466.81599999999764,0
2007-07-31,812.3319999999987,1
2007-08-01,1060.3380000000018,2
2007-08-02,1019.4159999999983,3
2007-08-03,1063.364000000001,4
2007-08-04,1144.9899999999977,5
2007-08-05,787.0979999999959,6
2007-08-06,1089.7199999999991,0
2007-08-07,1483.580000000001,1
2007-08-08,1125.4819999999938,2
2007-08-09,1071.6800000000017,3
2007-08-10,1028.0100000000011,4
2007-08-11,1091.6500000000049,5
2007-08-12,1241.9040000000043,6
2007-08-13,1153.0119999999995,0
2007-08-14,941.1900000000009,1
2007-08-15,1191.859999999991,2
2007-08-16,958.4959999999928,3
2007-08-17,1009.8920000000085,4
2007-08-18,347.96000000000004,5
2007-08-19,1422.2940000000008,6
2007-08-20,1338.8420000000008,0
2007-08-21,642.5560000000022,1
2007-08-22,1209.8080000000039,2
2007-08-23,1112.3119999999992,3
2007-08-24,1656.2139999999977,4
2007-08-25,1150.879999999998,5
2007-08-26,1314.9059999999993,6
2007-08-27,1211.7299999999987,0
2007-08-28,997.0039999999987,1
2007-08-29,747.9920000000014,2
2007-08-30,1202.4580000000033,3
2007-08-31,1279.8219999999967,4
2007-09-01,1701.4859999999994,5
2007-09-02,1662.467999999999,6
2007-09-03,1038.9219999999996,0
2007-09-04,1584.9440000000009,1
2007-09-05,1236.5720000000028,2
2007-09-06,901.4740000000015,3
2007-09-07,1336.4959999999962,4
2007-09-08,1469.7520000000002,5
2007-09-09,1679.5020000000018,6
2007-09-10,1117.3760000000038,0
2007-09-11,983.5720000000005,1
2007-09-12,1287.764,2
2007-09-13,1146.3820000000028,3
2007-09-14,1135.4699999999998,4
2007-09-15,1095.3120000000013,5
2007-09-16,1652.2240000000006,6
2007-09-17,1461.1859999999983,0
2007-09-18,1167.5200000000007,1
2007-09-19,1298.6839999999993,2
2007-09-20,1255.5319999999954,3
2007-09-21,1238.7800000000002,4
2007-09-22,1176.1719999999993,5
2007-09-23,1417.969999999998,6
2007-09-24,1354.5300000000018,0
2007-09-25,1764.3420000000006,1
2007-09-26,1822.264,2
2007-09-27,1392.5999999999988,3
2007-09-28,1680.498000000002,4
2007-09-29,2296.5219999999968,5
2007-09-30,1516.2900000000002,6
2007-10-01,1720.9219999999993,0
2007-10-02,2198.8639999999923,1
2007-10-03,1280.453999999998,2
2007-10-04,1518.457999999999,3
2007-10-05,1394.0919999999992,4
2007-10-06,1756.2400000000016,5
2007-10-07,2106.1139999999973,6
2007-10-08,1095.2419999999993,0
2007-10-09,1687.857999999999,1
2007-10-10,1166.9719999999984,2
2007-10-11,1732.4460000000001,3
2007-10-12,1914.504,4
2007-10-13,1926.7280000000007,5
2007-10-14,2061.252000000001,6
2007-10-15,1266.3300000000022,0
2007-10-16,1964.4420000000023,1
2007-10-17,1576.93,2
2007-10-18,1518.5299999999997,3
2007-10-19,2085.6479999999983,4
2007-10-20,1660.2459999999983,5
2007-10-21,1941.9399999999991,6
2007-10-22,1652.8960000000038,0
2007-10-23,1954.6479999999997,1
2007-10-24,1865.6360000000009,2
2007-10-25,1853.9179999999997,3
2007-10-26,1437.5680000000016,4
2007-10-27,1785.6879999999956,5
2007-10-28,512.1579999999983,6
2007-10-29,545.4279999999983,0
2007-10-30,811.0079999999958,1
2007-10-31,1283.2100000000023,2
2007-11-01,496.21600000000046,3
2007-11-02,1443.601999999999,4
2007-11-03,492.5499999999992,5
2007-11-04,1485.685999999998,6
2007-11-05,1500.5920000000015,0
2007-11-06,2082.3780000000024,1
2007-11-07,1844.7580000000034,2
2007-11-08,1501.0599999999988,3
2007-11-09,2171.226000000007,4
2007-11-10,2611.599999999998,5
2007-11-11,1887.1240000000005,6
2007-11-12,2156.1459999999975,0
2007-11-13,2214.398000000004,1
2007-11-14,2047.9939999999986,2
2007-11-15,1491.9879999999982,3
2007-11-16,2309.7539999999995,4
2007-11-17,2610.0939999999946,5
2007-11-18,2183.858000000002,6
2007-11-19,1723.6540000000018,0
2007-11-20,2095.8559999999957,1
2007-11-21,1751.8359999999984,2
2007-11-22,1932.3780000000038,3
2007-11-23,2522.6179999999963,4
2007-11-24,1899.0540000000028,5
2007-11-25,1395.598000000001,6
2007-11-26,1569.716000000001,0
2007-11-27,2801.011999999998,1
2007-11-28,1644.9400000000014,2
2007-11-29,1719.2300000000005,3
2007-11-30,2331.728000000006,4
2007-12-01,3134.942000000002,5
2007-12-02,2946.1879999999965,6
2007-12-03,1762.06,0
2007-12-04,2067.6360000000022,1
2007-12-05,2153.1199999999985,2
2007-12-06,2487.9340000000007,3
2007-12-07,1769.0160000000005,4
2007-12-08,2213.403999999997,5
2007-12-09,2274.5840000000044,6
2007-12-10,1758.754000000002,0
2007-12-11,2305.1039999999957,1
2007-12-12,1588.0620000000004,2
2007-12-13,1847.7459999999999,3
2007-12-14,1974.808,4
2007-12-15,2736.8759999999957,5
2007-12-16,2762.2179999999903,6
2007-12-17,1797.0660000000018,0
2007-12-18,2623.1940000000036,1
2007-12-19,2196.052000000001,2
2007-12-20,1949.7579999999994,3
2007-12-21,1982.5760000000032,4
2007-12-22,2611.2639999999988,5
2007-12-23,2409.047999999999,6
2007-12-24,2257.8479999999995,0
2007-12-25,2694.968,1
2007-12-26,2580.279999999999,2
2007-12-27,2532.1979999999985,3
2007-12-28,3113.0519999999947,4
2007-12-29,3298.955999999997,5
2007-12-30,2558.9159999999965,6
2007-12-31,2216.542,0
2008-01-01,2759.7380000000026,1
2008-01-02,1644.1059999999995,2
2008-01-03,1510.1079999999986,3
2008-01-04,2291.851999999999,4
2008-01-05,2183.248,5
2008-01-06,1825.1839999999975,6
2008-01-07,1695.8140000000008,0
2008-01-08,2043.550000000001,1
2008-01-09,1788.4400000000012,2
2008-01-10,1894.076000000001,3
2008-01-11,1705.8179999999998,4
2008-01-12,2871.4080000000026,5
2008-01-13,2881.656000000004,6
2008-01-14,2024.931999999999,0
2008-01-15,2686.912000000004,1
2008-01-16,2135.852000000003,2
2008-01-17,1572.2820000000024,3
2008-01-18,2186.9880000000016,4
2008-01-19,1980.3060000000005,5
2008-01-20,1740.3679999999995,6
2008-01-21,1858.9980000000005,0
2008-01-22,2325.0180000000005,1
2008-01-23,1882.3080000000025,2
2008-01-24,1645.021999999998,3
2008-01-25,2239.8559999999993,4
2008-01-26,2834.9880000000003,5
2008-01-27,2381.7659999999987,6
2008-01-28,2308.1959999999985,0
2008-01-29,2676.0239999999953,1
2008-01-30,1640.646000000002,2
2008-01-31,1953.9219999999964,3
2008-02-01,1534.6520000000023,4
2008-02-02,2936.033999999999,5
2008-02-03,2084.5680000000016,6
2008-02-04,1628.1379999999997,0
2008-02-05,2472.4559999999988,1
2008-02-06,1669.539999999998,2
2008-02-07,1518.309999999997,3
2008-02-08,1950.5639999999983,4
2008-02-09,2102.2760000000007,5
2008-02-10,2184.713999999999,6
2008-02-11,1692.0159999999996,0
2008-02-12,1987.7979999999973,1
2008-02-13,1900.4979999999969,2
2008-02-14,1604.6219999999978,3
2008-02-15,2005.2080000000012,4
2008-02-16,2346.9479999999944,5
2008-02-17,1933.3679999999981,6
2008-02-18,1514.4039999999973,0
2008-02-19,2126.915999999996,1
2008-02-20,2253.790000000001,2
2008-02-21,1633.85,3
2008-02-22,1732.5640000000012,4
2008-02-23,1833.97,5
2008-02-24,1263.0079999999984,6
2008-02-25,504.4879999999994,0
2008-02-26,507.11999999999915,1
2008-02-27,566.7200000000004,2
2008-02-28,509.1840000000001,3
2008-02-29,1333.3479999999975,4
2008-03-01,1141.8759999999986,5
2008-03-02,1162.226000000002,6
2008-03-03,1040.55,0
2008-03-04,1668.989999999999,1
2008-03-05,2037.2079999999985,2
2008-03-06,2503.2079999999987,3
2008-03-07,1862.956,4
2008-03-08,2248.6600000000035,5
2008-03-09,1560.4579999999987,6
2008-03-10,1618.6860000000008,0
2008-03-11,2200.0420000000013,1
2008-03-12,1774.2320000000047,2
2008-03-13,1675.5140000000015,3
2008-03-14,2210.219999999995,4
2008-03-15,1576.3000000000009,5
2008-03-16,1801.959999999999,6
2008-03-17,1706.917999999997,0
2008-03-18,1917.5659999999996,1
2008-03-19,1308.4480000000003,2
2008-03-20,1253.274000000001,3
2008-03-21,2066.442,4
2008-03-22,2053.5160000000005,5
2008-03-23,2325.9900000000016,6
2008-03-24,1974.6679999999992,0
2008-03-25,2015.8559999999986,1
2008-03-26,1633.4720000000016,2
2008-03-27,1370.8219999999988,3
2008-03-28,1885.4240000000045,4
2008-03-29,2471.1499999999987,5
2008-03-30,2146.392000000001,6
2008-03-31,1377.5699999999993,0
2008-04-01,2129.0519999999938,1
2008-04-02,1691.6720000000005,2
2008-04-03,1128.7559999999987,3
2008-04-04,1631.9180000000024,4
2008-04-05,1970.7620000000027,5
2008-04-06,1696.3179999999998,6
2008-04-07,1538.838,0
2008-04-08,2657.516,1
2008-04-09,1218.8520000000003,2
2008-04-10,1477.746,3
2008-04-11,1877.663999999998,4
2008-04-12,2800.014000000003,5
2008-04-13,2232.9860000000017,6
2008-04-14,1589.5819999999999,0
2008-04-15,1670.4059999999984,1
2008-04-16,1489.063999999999,2
2008-04-17,1395.8620000000012,3
2008-04-18,1862.3899999999999,4
2008-04-19,2253.7099999999996,5
2008-04-20,1791.4179999999976,6
2008-04-21,1164.1559999999981,0
2008-04-22,1627.6760000000017,1
2008-04-23,1357.3279999999995,2
2008-04-24,1043.7720000000031,3
2008-04-25,1267.7339999999974,4
2008-04-26,903.1659999999988,5
2008-04-27,1008.2399999999998,6
2008-04-28,659.0520000000026,0
2008-04-29,1972.616000000002,1
2008-04-30,1101.7260000000033,2
2008-05-01,576.0140000000008,3
2008-05-02,1497.7680000000014,4
2008-05-03,1289.600000000001,5
2008-05-04,1470.969999999998,6
2008-05-05,1366.9320000000012,0
2008-05-06,1789.979999999999,1
2008-05-07,1176.264,2
2008-05-08,2116.6980000000035,3
2008-05-09,1747.272000000004,4
2008-05-10,1909.128000000001,5
2008-05-11,1610.9199999999955,6
2008-05-12,1524.2039999999993,0
2008-05-13,1476.8939999999977,1
2008-05-14,1584.2620000000004,2
2008-05-15,1162.7679999999993,3
2008-05-16,1648.0299999999997,4
2008-05-17,1657.4539999999997,5
2008-05-18,1803.957999999999,6
2008-05-19,1030.2619999999974,0
2008-05-20,1581.3340000000037,1
2008-05-21,1324.1119999999978,2
2008-05-22,976.8679999999974,3
2008-05-23,1484.916,4
2008-05-24,1580.1759999999983,5
2008-05-25,2048.5039999999995,6
2008-05-26,1289.7099999999991,0
2008-05-27,1708.6999999999978,1
2008-05-28,1114.3719999999998,2
2008-05-29,1135.0760000000018,3
2008-05-30,1397.2440000000022,4
2008-05-31,1641.4700000000012,5
2008-06-01,1848.8759999999997,6
2008-06-02,1074.011999999999,0
2008-06-03,1597.816000000002,1
2008-06-04,1588.9119999999973,2
2008-06-05,1120.0779999999997,3
2008-06-06,1217.713999999999,4
2008-06-07,1882.4839999999988,5
2008-06-08,1542.322000000002,6
2008-06-09,1325.6980000000017,0
2008-06-10,1067.089999999997,1
2008-06-11,1123.206000000001,2
2008-06-12,1259.332000000002,3
2008-06-13,1874.2800000000009,4
2008-06-14,1384.9199999999992,5
2008-06-15,2289.102000000001,6
2008-06-16,1303.0439999999994,0
2008-06-17,1145.0840000000014,1
2008-06-18,1893.6079999999997,2
2008-06-19,1588.0819999999985,3
2008-06-20,1676.1040000000035,4
2008-06-21,1734.254000000001,5
2008-06-22,1566.4159999999977,6
2008-06-23,1251.7960000000019,0
2008-06-24,1754.451999999995,1
2008-06-25,1261.7700000000002,2
2008-06-26,1056.019999999999,3
2008-06-27,1755.1519999999982,4
2008-06-28,1208.8000000000009,5
2008-06-29,749.3520000000003,6
2008-06-30,804.1960000000016,0
2008-07-01,1215.2399999999998,1
2008-07-02,1147.201999999999,2
2008-07-03,1098.3600000000001,3
2008-07-04,942.0200000000041,4
2008-07-05,1469.088,5
2008-07-06,1805.0639999999985,6
2008-07-07,983.3899999999995,0
2008-07-08,1126.2139999999997,1
2008-07-09,919.3180000000001,2
2008-07-10,1251.2759999999998,3
2008-07-11,1254.2159999999992,4
2008-07-12,1328.8520000000033,5
2008-07-13,1253.7540000000029,6
2008-07-14,1137.9260000000006,0
2008-07-15,1155.8600000000015,1
2008-07-16,1077.0619999999992,2
2008-07-17,1319.1219999999987,3
2008-07-18,1261.584000000001,4
2008-07-19,1344.0139999999988,5
2008-07-20,941.5339999999991,6
2008-07-21,1156.4779999999987,0
2008-07-22,740.2420000000017,1
2008-07-23,942.6300000000007,2
2008-07-24,1093.4499999999973,3
2008-07-25,865.5340000000033,4
2008-07-26,815.6839999999994,5
2008-07-27,1147.395999999996,6
2008-07-28,825.803999999998,0
2008-07-29,1166.5579999999989,1
2008-07-30,1299.9080000000015,2
2008-07-31,1392.638000000001,3
2008-08-01,739.5760000000024,4
2008-08-02,505.7760000000007,5
2008-08-03,504.78199999999975,6
2008-08-04,1125.9199999999998,0
2008-08-05,827.1180000000012,1
2008-08-06,326.11199999999985,2
2008-08-07,334.88399999999905,3
2008-08-08,302.1999999999999,4
2008-08-09,358.92399999999833,5
2008-08-10,352.03200000000083,6
2008-08-11,371.91599999999806,0
2008-08-12,288.984000000001,1
2008-08-13,282.58399999999926,2
2008-08-14,270.25800000000106,3
2008-08-15,273.6539999999994,4
2008-08-16,274.8139999999988,5
2008-08-17,274.7960000000003,6
2008-08-18,273.75800000000004,0
2008-08-19,274.6920000000006,1
2008-08-20,268.4719999999991,2
2008-08-21,261.29799999999983,3
2008-08-22,267.124,4
2008-08-23,254.64199999999857,5
2008-08-24,254.7160000000003,6
2008-08-25,250.29799999999958,0
2008-08-26,257.56399999999815,1
2008-08-27,258.1139999999998,2
2008-08-28,268.24599999999947,3
2008-08-29,267.58800000000036,4
2008-08-30,270.42400000000106,5
2008-08-31,1500.6140000000019,6
2008-09-01,1247.51,0
2008-09-02,1384.1539999999984,1
2008-09-03,1388.4860000000006,2
2008-09-04,1225.2200000000018,3
2008-09-05,873.9600000000015,4
2008-09-06,1868.5740000000008,5
2008-09-07,1372.6560000000006,6
2008-09-08,1309.3240000000017,0
2008-09-09,1159.6540000000023,1
2008-09-10,1300.7640000000001,2
2008-09-11,1028.7140000000006,3
2008-09-12,1392.7619999999965,4
2008-09-13,1631.4360000000017,5
2008-09-14,1576.326000000001,6
2008-09-15,1697.7079999999992,0
2008-09-16,1221.8620000000008,1
2008-09-17,1519.2099999999998,2
2008-09-18,1505.2900000000002,3
2008-09-19,1518.8459999999982,4
2008-09-20,1304.5999999999988,5
2008-09-21,1533.0700000000004,6
2008-09-22,1358.5639999999999,0
2008-09-23,1232.7879999999982,1
2008-09-24,1718.350000000002,2
2008-09-25,1131.219999999999,3
2008-09-26,1431.4500000000007,4
2008-09-27,2127.4459999999976,5
2008-09-28,1731.1039999999978,6
2008-09-29,1501.738000000001,0
2008-09-30,1375.0060000000008,1
2008-10-01,1872.3639999999975,2
2008-10-02,1345.341999999998,3
2008-10-03,1612.5800000000004,4
2008-10-04,2100.4960000000015,5
2008-10-05,1549.9500000000012,6
2008-10-06,1423.7820000000058,0
2008-10-07,1726.5679999999968,1
2008-10-08,1860.5759999999975,2
2008-10-09,1983.6820000000014,3
2008-10-10,1518.338000000001,4
2008-10-11,1669.386000000001,5
2008-10-12,1907.9400000000012,6
2008-10-13,1461.975999999999,0
2008-10-14,1609.0560000000005,1
2008-10-15,2156.8959999999993,2
2008-10-16,1583.6800000000012,3
2008-10-17,1866.8860000000022,4
2008-10-18,2239.1900000000014,5
2008-10-19,1971.9339999999995,6
2008-10-20,1667.5539999999987,0
2008-10-21,2063.7160000000044,1
2008-10-22,1646.0100000000039,2
2008-10-23,1830.494000000001,3
2008-10-24,2133.225999999999,4
2008-10-25,1523.1560000000009,5
2008-10-26,523.4919999999988,6
2008-10-27,523.8919999999997,0
2008-10-28,1327.2899999999975,1
2008-10-29,1612.5760000000023,2
2008-10-30,1098.5999999999988,3
2008-10-31,1285.831999999998,4
2008-11-01,830.4979999999969,5
2008-11-02,910.6139999999996,6
2008-11-03,847.5999999999987,0
2008-11-04,1562.3159999999998,1
2008-11-05,3134.9299999999976,2
2008-11-06,1588.4380000000003,3
2008-11-07,1619.1840000000007,4
2008-11-08,1733.1380000000004,5
2008-11-09,2578.537999999999,6
2008-11-10,2091.8799999999983,0
2008-11-11,2455.9499999999994,1
2008-11-12,2186.4939999999992,2
2008-11-13,1238.4599999999994,3
2008-11-14,1621.7379999999982,4
2008-11-15,3031.628000000001,5
2008-11-16,2365.432000000003,6
2008-11-17,1523.6360000000009,0
2008-11-18,1749.0499999999968,1
2008-11-19,1840.237999999999,2
2008-11-20,1692.3360000000002,3
2008-11-21,1673.9300000000005,4
2008-11-22,1711.367999999999,5
2008-11-23,3405.3239999999983,6
2008-11-24,3212.9980000000005,0
2008-11-25,2702.849999999999,1
2008-11-26,1515.954,2
2008-11-27,2362.217999999998,3
2008-11-28,1885.964000000001,4
2008-11-29,2434.667999999998,5
2008-11-30,2401.388,6
2008-12-01,1616.5380000000057,0
2008-12-02,1793.4440000000018,1
2008-12-03,1755.163999999998,2
2008-12-04,1738.6379999999986,3
2008-12-05,2058.618000000001,4
2008-12-06,2523.835999999993,5
2008-12-07,2466.7400000000025,6
2008-12-08,1868.6359999999981,0
2008-12-09,2003.1439999999996,1
2008-12-10,2111.0200000000013,2
2008-12-11,1432.522000000003,3
2008-12-12,1815.5340000000006,4
2008-12-13,1825.5739999999978,5
2008-12-14,2002.1200000000026,6
2008-12-15,1795.4499999999998,0
2008-12-16,1797.0899999999988,1
2008-12-17,2098.785999999998,2
2008-12-18,1736.9399999999962,3
2008-12-19,1882.1119999999999,4
2008-12-20,2242.501999999998,5
2008-12-21,2643.61,6
2008-12-22,2015.8080000000002,0
2008-12-23,1798.0879999999993,1
2008-12-24,1269.6380000000029,2
2008-12-25,1061.1179999999995,3
2008-12-26,1223.7319999999993,4
2008-12-27,2972.1639999999966,5
2008-12-28,1570.642000000001,6
2008-12-29,555.2779999999998,0
2008-12-30,1195.2379999999982,1
2008-12-31,1964.1879999999999,2
2009-01-01,1406.692,3
2009-01-02,2327.510000000003,4
2009-01-03,1913.496000000004,5
2009-01-04,1939.993999999999,6
2009-01-05,1604.0000000000023,0
2009-01-06,1689.8619999999994,1
2009-01-07,2080.272000000002,2
2009-01-08,1633.270000000002,3
2009-01-09,1788.7019999999989,4
2009-01-10,2102.9480000000017,5
2009-01-11,1975.9880000000016,6
2009-01-12,1589.2779999999989,0
2009-01-13,2182.600000000003,1
2009-01-14,1776.2820000000045,2
2009-01-15,1564.0679999999986,3
2009-01-16,2766.553999999999,4
2009-01-17,3317.820000000004,5
2009-01-18,3154.194000000003,6
2009-01-19,1699.8659999999998,0
2009-01-20,1738.0279999999998,1
2009-01-21,1739.433999999999,2
2009-01-22,1237.355999999996,3
2009-01-23,1910.5359999999987,4
2009-01-24,2200.77,5
2009-01-25,2843.6639999999957,6
2009-01-26,1674.4720000000023,0
2009-01-27,1425.0300000000004,1
2009-01-28,2721.733999999997,2
2009-01-29,1573.6980000000015,3
2009-01-30,2059.0380000000005,4
2009-01-31,3312.8519999999994,5
2009-02-01,1807.4599999999996,6
2009-02-02,1603.3,0
2009-02-03,1868.3900000000003,1
2009-02-04,2460.9240000000036,2
2009-02-05,1649.0880000000002,3
2009-02-06,2048.3959999999975,4
2009-02-07,3131.535999999996,5
2009-02-08,2182.865999999992,6
2009-02-09,1706.6379999999976,0
2009-02-10,1943.8220000000022,1
2009-02-11,2639.390000000003,2
2009-02-12,1968.6599999999978,3
2009-02-13,1690.0219999999988,4
2009-02-14,2332.594000000004,5
2009-02-15,1586.0319999999945,6
2009-02-16,1318.993999999997,0
2009-02-17,781.6979999999991,1
2009-02-18,826.4499999999989,2
2009-02-19,737.2679999999986,3
2009-02-20,1880.736,4
2009-02-21,1316.183999999999,5
2009-02-22,2238.4779999999982,6
2009-02-23,2733.656,0
2009-02-24,1783.144000000002,1
2009-02-25,1169.8440000000014,2
2009-02-26,1156.8519999999985,3
2009-02-27,2028.9180000000017,4
2009-02-28,1630.7499999999973,5
2009-03-01,2467.626000000003,6
2009-03-02,1477.4419999999998,0
2009-03-03,1848.9519999999984,1
2009-03-04,1842.1299999999994,2
2009-03-05,1441.8120000000004,3
2009-03-06,1783.4739999999965,4
2009-03-07,1696.4659999999997,5
2009-03-08,2357.165999999998,6
2009-03-09,1685.5559999999973,0
2009-03-10,1836.2100000000019,1
2009-03-11,2405.9039999999973,2
2009-03-12,1887.26,3
2009-03-13,1445.5199999999998,4
2009-03-14,2149.0279999999984,5
2009-03-15,1942.062000000002,6
2009-03-16,1334.7319999999993,0
2009-03-17,1931.9099999999992,1
2009-03-18,1450.6799999999969,2
2009-03-19,1191.5319999999988,3
2009-03-20,1463.906000000001,4
2009-03-21,1930.0219999999974,5
2009-03-22,1689.1699999999994,6
2009-03-23,1296.45,0
2009-03-24,1661.7119999999993,1
2009-03-25,1838.7740000000003,2
2009-03-26,1211.0040000000024,3
2009-03-27,1713.9259999999974,4
2009-03-28,2260.9759999999956,5
2009-03-29,2216.650000000002,6
2009-03-30,1477.4519999999998,0
2009-03-31,1823.4819999999984,1
2009-04-01,1641.1399999999933,2
2009-04-02,1644.3340000000032,3
2009-04-03,1363.2600000000016,4
2009-04-04,2191.231999999997,5
2009-04-05,1375.7160000000044,6
2009-04-06,1452.6340000000018,0
2009-04-07,1440.0920000000028,1
2009-04-08,1534.6000000000013,2
2009-04-09,1890.472,3
2009-04-10,1842.1139999999984,4
2009-04-11,2462.4459999999976,5
2009-04-12,2141.0120000000006,6
2009-04-13,1598.6240000000005,0
2009-04-14,1501.538,1
2009-04-15,1216.0619999999988,2
2009-04-16,1564.5240000000013,3
2009-04-17,2042.810000000001,4
2009-04-18,1512.2660000000046,5
2009-04-19,1286.4679999999992,6
2009-04-20,1486.5100000000014,0
2009-04-21,1894.5979999999984,1
2009-04-22,1496.197999999998,2
2009-04-23,1141.4599999999991,3
2009-04-24,1194.0480000000007,4
2009-04-25,2022.283999999996,5
2009-04-26,1781.626000000001,6
2009-04-27,1351.6280000000004,0
2009-04-28,1706.3860000000006,1
2009-04-29,1664.6799999999998,2
2009-04-30,1834.7620000000045,3
2009-05-01,1512.8019999999979,4
2009-05-02,1393.9099999999983,5
2009-05-03,1608.8780000000002,6
2009-05-04,1667.8819999999964,0
2009-05-05,1731.473999999995,1
2009-05-06,1349.902,2
2009-05-07,1012.6479999999987,3
2009-05-08,1857.1560000000002,4
2009-05-09,1261.3520000000028,5
2009-05-10,1966.5519999999974,6
2009-05-11,1517.1759999999995,0
2009-05-12,1625.9560000000024,1
2009-05-13,1246.3979999999988,2
2009-05-14,1606.9839999999986,3
2009-05-15,1422.226000000002,4
2009-05-16,2007.3780000000008,5
2009-05-17,1543.7639999999994,6
2009-05-18,1209.9060000000009,0
2009-05-19,1617.3440000000005,1
2009-05-20,1307.1619999999982,2
2009-05-21,1575.150000000001,3
2009-05-22,1074.8059999999991,4
2009-05-23,1530.5979999999995,5
2009-05-24,1287.785999999999,6
2009-05-25,1354.0959999999993,0
2009-05-26,1337.6740000000013,1
2009-05-27,1544.2919999999988,2
2009-05-28,1179.7359999999994,3
2009-05-29,1242.845999999999,4
2009-05-30,1659.1060000000036,5
2009-05-31,956.8900000000007,6
2009-06-01,1443.2599999999982,0
2009-06-02,1090.6380000000013,1
2009-06-03,1356.5780000000013,2
2009-06-04,1035.660000000001,3
2009-06-05,1230.359999999999,4
2009-06-06,1475.4500000000019,5
2009-06-07,1207.392000000001,6
2009-06-08,1178.776,0
2009-06-09,1332.8500000000006,1
2009-06-10,1602.9959999999978,2
2009-06-11,1300.6499999999967,3
2009-06-12,1101.731999999999,4
2009-06-13,14.217999999999996,5
2009-06-15,771.9080000000017,0
2009-06-16,1508.7920000000006,1
2009-06-17,988.0160000000003,2
2009-06-18,1165.7000000000007,3
2009-06-19,1086.8660000000039,4
2009-06-20,1107.1000000000024,5
2009-06-21,855.1420000000014,6
2009-06-22,1094.098000000001,0
2009-06-23,1039.2140000000018,1
2009-06-24,1534.8740000000018,2
2009-06-25,771.362000000002,3
2009-06-26,1277.3220000000026,4
2009-06-27,1709.051999999999,5
2009-06-28,1059.3939999999977,6
2009-06-29,1010.134,0
2009-06-30,1192.446,1
2009-07-01,1218.342000000002,2
2009-07-02,1242.5779999999984,3
2009-07-03,864.1480000000015,4
2009-07-04,1238.5679999999984,5
2009-07-05,1410.7360000000026,6
2009-07-06,954.2600000000007,0
2009-07-07,1110.1359999999984,1
2009-07-08,1234.4000000000005,2
2009-07-09,846.2520000000017,3
2009-07-10,1187.1179999999968,4
2009-07-11,993.9679999999998,5
2009-07-12,513.4780000000004,6
2009-07-13,496.74600000000083,0
2009-07-14,911.429999999999,1
2009-07-15,718.0739999999969,2
2009-07-16,599.5540000000041,3
2009-07-17,731.8080000000037,4
2009-07-18,966.409999999999,5
2009-07-19,1203.6440000000027,6
2009-07-20,662.486000000003,0
2009-07-21,813.7620000000012,1
2009-07-22,739.532000000001,2
2009-07-23,1029.9999999999975,3
2009-07-24,561.7379999999996,4
2009-07-25,536.688000000002,5
2009-07-26,543.0160000000019,6
2009-07-27,688.5659999999988,0
2009-07-28,902.8499999999989,1
2009-07-29,902.0000000000022,2
2009-07-30,792.326,3
2009-07-31,975.8300000000004,4
2009-08-01,706.9659999999999,5
2009-08-02,489.72399999999874,6
2009-08-03,500.2980000000001,0
2009-08-04,508.8919999999991,1
2009-08-05,518.6519999999987,2
2009-08-06,532.6720000000012,3
2009-08-07,539.2959999999998,4
2009-08-08,526.4719999999995,5
2009-08-09,998.2339999999995,6
2009-08-10,1069.3580000000004,0
2009-08-11,950.9539999999992,1
2009-08-12,824.4360000000005,2
2009-08-13,606.8420000000001,3
2009-08-14,748.6759999999988,4
2009-08-15,1514.0620000000015,5
2009-08-16,1217.7119999999989,6
2009-08-17,785.9080000000004,0
2009-08-18,1080.5979999999995,1
2009-08-19,880.7419999999977,2
2009-08-20,775.7219999999999,3
2009-08-21,1161.746000000001,4
2009-08-22,1548.7380000000007,5
2009-08-23,1066.708,6
2009-08-24,1252.2540000000008,0
2009-08-25,943.6099999999999,1
2009-08-26,1136.545999999998,2
2009-08-27,749.4659999999985,3
2009-08-28,1118.8419999999978,4
2009-08-29,1388.4140000000011,5
2009-08-30,1668.3419999999976,6
2009-08-31,1265.521999999997,0
2009-09-01,980.5359999999991,1
2009-09-02,1222.8140000000003,2
2009-09-03,1251.1879999999994,3
2009-09-04,1024.3880000000004,4
2009-09-05,1513.8660000000013,5
2009-09-06,1228.6300000000015,6
2009-09-07,1221.4580000000012,0
2009-09-08,1086.2539999999995,1
2009-09-09,1521.344000000001,2
2009-09-10,1112.353999999999,3
2009-09-11,1214.1460000000006,4
2009-09-12,2064.357999999997,5
2009-09-13,1570.3020000000001,6
2009-09-14,1574.8579999999974,0
2009-09-15,1456.8060000000016,1
2009-09-16,1743.1619999999975,2
2009-09-17,1223.4259999999967,3
2009-09-18,1374.032000000002,4
2009-09-19,2135.7099999999978,5
2009-09-20,2035.3279999999997,6
2009-09-21,1417.8679999999995,0
2009-09-22,1246.5359999999973,1
2009-09-23,1636.6100000000004,2
2009-09-24,1426.2579999999994,3
2009-09-25,1161.0160000000012,4
2009-09-26,1556.2540000000015,5
2009-09-27,1410.4720000000004,6
2009-09-28,1299.4560000000022,0
2009-09-29,1146.3979999999988,1
2009-09-30,1772.7359999999962,2
2009-10-01,1287.2519999999997,3
2009-10-02,1152.6679999999994,4
2009-10-03,1716.7399999999968,5
2009-10-04,1621.1060000000027,6
2009-10-05,1275.5220000000002,0
2009-10-06,1428.4480000000017,1
2009-10-07,1821.8339999999978,2
2009-10-08,1577.1660000000008,3
2009-10-09,1351.861999999999,4
2009-10-10,2012.7560000000024,5
2009-10-11,1938.2839999999976,6
2009-10-12,1351.6040000000012,0
2009-10-13,1449.0999999999992,1
2009-10-14,1711.2240000000008,2
2009-10-15,1489.9759999999999,3
2009-10-16,1516.8600000000022,4
2009-10-17,2742.0800000000027,5
2009-10-18,1556.1640000000014,6
2009-10-19,1369.1080000000013,0
2009-10-20,1722.8079999999995,1
2009-10-21,1969.5060000000003,2
2009-10-22,1399.709999999999,3
2009-10-23,1757.4499999999991,4
2009-10-24,2614.4079999999985,5
2009-10-25,2406.5359999999996,6
2009-10-26,1112.3439999999994,0
2009-10-27,1116.7559999999996,1
2009-10-28,1268.7080000000024,2
2009-10-29,1981.4399999999998,3
2009-10-30,1493.3579999999993,4
2009-10-31,1875.9419999999998,5
2009-11-01,1843.168000000003,6
2009-11-02,1504.2260000000006,0
2009-11-03,2266.687999999999,1
2009-11-04,1801.8000000000013,2
2009-11-05,1560.466000000001,3
2009-11-06,1390.4499999999994,4
2009-11-07,1557.176000000002,5
2009-11-08,2508.0020000000013,6
2009-11-09,1404.7520000000013,0
2009-11-10,1606.183999999997,1
2009-11-11,2040.48,2
2009-11-12,1463.0660000000028,3
2009-11-13,1532.926000000001,4
2009-11-14,2560.4559999999997,5
2009-11-15,1967.3080000000002,6
2009-11-16,1514.4679999999971,0
2009-11-17,1708.294000000002,1
2009-11-18,2639.1740000000023,2
2009-11-19,1474.8479999999997,3
2009-11-20,1961.0160000000005,4
2009-11-21,2496.855999999998,5
2009-11-22,2450.975999999996,6
2009-11-23,1471.1220000000042,0
2009-11-24,2128.856000000002,1
2009-11-25,1980.1300000000003,2
2009-11-26,1599.6260000000009,3
2009-11-27,1380.0259999999987,4
2009-11-28,1858.9499999999975,5
2009-11-29,1650.9619999999989,6
2009-11-30,1745.189999999999,0
2009-12-01,1756.3779999999958,1
2009-12-02,2345.667999999997,2
2009-12-03,1479.6880000000006,3
2009-12-04,1711.294,4
2009-12-05,2351.762,5
2009-12-06,2378.2879999999986,6
2009-12-07,1742.638,0
2009-12-08,2006.8840000000037,1
2009-12-09,1802.3559999999977,2
2009-12-10,2054.2860000000037,3
2009-12-11,1784.4619999999998,4
2009-12-12,1816.3799999999999,5
2009-12-13,2138.8139999999953,6
2009-12-14,1794.862000000001,0
2009-12-15,1940.1160000000034,1
2009-12-16,1394.8740000000007,2
2009-12-17,1717.1819999999968,3
2009-12-18,1744.7059999999983,4
2009-12-19,2204.334000000001,5
2009-12-20,1144.1659999999993,6
2009-12-21,2034.9659999999997,0
2009-12-22,1888.0220000000018,1
2009-12-23,1455.199999999999,2
2009-12-24,2905.893999999999,3
2009-12-25,2127.648,4
2009-12-26,2183.617999999996,5
2009-12-27,2195.4520000000025,6
2009-12-28,2094.097999999999,0
2009-12-29,2047.968000000001,1
2009-12-30,2451.110000000003,2
2009-12-31,2211.892000000002,3
2010-01-01,1224.2519999999988,4
2010-01-02,1308.8359999999998,5
2010-01-03,2083.453999999999,6
2010-01-04,1604.1320000000032,0
2010-01-05,2219.780000000003,1
2010-01-06,1777.1799999999985,2
2010-01-07,1769.4419999999996,3
2010-01-08,1797.2080000000008,4
2010-01-09,2336.9000000000033,5
2010-01-10,2508.4659999999985,6
2010-01-11,1518.684000000001,0
2010-01-12,1282.538,1
2010-01-14,618.487999999999,3
2010-01-15,2196.76,4
2010-01-16,2150.1120000000014,5
2010-01-17,1906.5560000000028,6
2010-01-18,1881.0980000000015,0
2010-01-19,2433.507999999996,1
2010-01-20,2351.7280000000014,2
2010-01-21,2137.855999999999,3
2010-01-22,1790.6260000000013,4
2010-01-23,2608.51,5
2010-01-24,2269.420000000005,6
2010-01-25,1930.5099999999984,0
2010-01-26,2067.564,1
2010-01-27,2760.902000000001,2
2010-01-28,2110.233999999999,3
2010-01-29,2092.99,4
2010-01-30,2842.7280000000005,5
2010-01-31,1799.196000000002,6
2010-02-01,1693.778,0
2010-02-02,2157.432000000001,1
2010-02-03,2903.013999999996,2
2010-02-04,2316.2699999999995,3
2010-02-05,2098.892,4
2010-02-06,2712.9860000000017,5
2010-02-07,1625.7079999999985,6
2010-02-08,2582.2380000000007,0
2010-02-09,2420.9319999999966,1
2010-02-10,1944.5419999999958,2
2010-02-11,1369.7680000000012,3
2010-02-12,1892.9980000000016,4
2010-02-13,2351.555999999996,5
2010-02-14,1686.6980000000008,6
2010-02-15,2097.132000000001,0
2010-02-16,1797.755999999996,1
2010-02-17,2054.560000000002,2
2010-02-18,1761.1560000000025,3
2010-02-19,1953.5720000000006,4
2010-02-20,1983.7280000000019,5
2010-02-21,2740.3140000000035,6
2010-02-22,1474.0359999999976,0
2010-02-23,1461.280000000002,1
2010-02-24,1914.2780000000007,2
2010-02-25,1880.2040000000004,3
2010-02-26,2120.1559999999977,4
2010-02-27,1765.0560000000019,5
2010-02-28,711.6659999999996,6
2010-03-01,1298.7280000000007,0
2010-03-02,766.905999999999,1
2010-03-03,935.8340000000001,2
2010-03-04,682.8799999999989,3
2010-03-05,1133.7259999999999,4
2010-03-06,794.7119999999985,5
2010-03-07,1372.4719999999998,6
2010-03-08,2557.098000000004,0
2010-03-09,1760.1119999999996,1
2010-03-10,1822.6320000000003,2
2010-03-11,1951.089999999998,3
2010-03-12,1645.4239999999977,4
2010-03-13,2383.0099999999984,5
2010-03-14,1566.7140000000006,6
2010-03-15,1791.849999999996,0
2010-03-16,1542.6500000000008,1
2010-03-17,2009.130000000001,2
2010-03-18,1562.6820000000014,3
2010-03-19,1663.3840000000014,4
2010-03-20,131.73199999999977,5
2010-03-21,917.282000000001,6
2010-03-22,1618.5900000000015,0
2010-03-23,1822.1619999999998,1
2010-03-24,1994.752000000004,2
2010-03-25,1679.8840000000014,3
2010-03-26,1651.2839999999976,4
2010-03-27,1847.9700000000007,5
2010-03-28,1798.213999999999,6
2010-03-29,1622.7379999999994,0
2010-03-30,1906.4540000000006,1
2010-03-31,1923.8019999999974,2
2010-04-01,1687.4400000000014,3
2010-04-02,1648.6220000000014,4
2010-04-03,1805.2780000000018,5
2010-04-04,1690.3880000000013,6
2010-04-05,1118.8200000000008,0
2010-04-06,1825.8520000000017,1
2010-04-07,1596.9819999999997,2
2010-04-08,1649.219999999999,3
2010-04-09,1233.3500000000006,4
2010-04-10,1190.2080000000017,5
2010-04-11,1602.8100000000022,6
2010-04-12,1439.4259999999983,0
2010-04-13,1512.7039999999993,1
2010-04-14,1660.363999999999,2
2010-04-15,1872.178000000003,3
2010-04-16,1562.0620000000004,4
2010-04-17,1557.7119999999993,5
2010-04-18,1476.1060000000002,6
2010-04-19,1708.5940000000003,0
2010-04-20,1833.627999999999,1
2010-04-21,1579.914000000001,2
2010-04-22,1460.9040000000014,3
2010-04-23,1180.5359999999976,4
2010-04-24,1518.417999999997,5
2010-04-25,1542.7420000000038,6
2010-04-26,1082.7159999999985,0
2010-04-27,1250.9399999999998,1
2010-04-28,867.8580000000019,2
2010-04-29,1103.7239999999983,3
2010-04-30,1118.6279999999997,4
2010-05-01,1320.1579999999992,5
2010-05-02,2187.9099999999944,6
2010-05-03,1411.3020000000008,0
2010-05-04,1516.9599999999964,1
2010-05-05,1805.3080000000016,2
2010-05-06,1299.2500000000014,3
2010-05-07,1644.0039999999988,4
2010-05-08,1533.4220000000023,5
2010-05-09,1566.5100000000016,6
2010-05-10,1467.891999999999,0
2010-05-11,1571.3680000000022,1
2010-05-12,2035.4180000000006,2
2010-05-13,1552.4960000000005,3
2010-05-14,1722.1459999999986,4
2010-05-15,1944.7720000000008,5
2010-05-16,2100.425999999996,6
2010-05-17,1628.182,0
2010-05-18,1421.1840000000025,1
2010-05-19,1426.752000000002,2
2010-05-20,1153.8980000000006,3
2010-05-21,1294.3960000000004,4
2010-05-22,2095.772000000001,5
2010-05-23,1487.5560000000012,6
2010-05-24,1341.3320000000003,0
2010-05-25,1198.6259999999963,1
2010-05-26,1387.8839999999973,2
2010-05-27,1323.3419999999987,3
2010-05-28,1398.164000000002,4
2010-05-29,2049.8080000000023,5
2010-05-30,1665.7000000000005,6
2010-05-31,1340.4620000000002,0
2010-06-01,1268.963999999999,1
2010-06-02,980.8980000000006,2
2010-06-03,1394.186000000002,3
2010-06-04,1420.5540000000017,4
2010-06-05,2009.644000000001,5
2010-06-06,1746.7920000000045,6
2010-06-07,1012.0819999999982,0
2010-06-08,1362.0340000000012,1
2010-06-09,1534.6820000000007,2
2010-06-10,1215.1899999999996,3
2010-06-11,1470.6719999999968,4
2010-06-12,1973.1079999999986,5
2010-06-13,1674.355999999998,6
2010-06-14,1217.9839999999995,0
2010-06-15,1223.9659999999974,1
2010-06-16,1768.092000000001,2
2010-06-17,1028.0180000000007,3
2010-06-18,1332.3159999999991,4
2010-06-19,1416.22,5
2010-06-20,1672.5499999999993,6
2010-06-21,1660.8900000000042,0
2010-06-22,1520.5880000000002,1
2010-06-23,1442.0639999999999,2
2010-06-24,1095.7799999999988,3
2010-06-25,1099.4379999999996,4
2010-06-26,981.619999999999,5
2010-06-27,1139.9639999999995,6
2010-06-28,1471.3400000000006,0
2010-06-29,1367.2960000000026,1
2010-06-30,1384.135999999998,2
2010-07-01,1349.0020000000013,3
2010-07-02,1140.9280000000012,4
2010-07-03,1120.073999999998,5
2010-07-04,1538.0880000000038,6
2010-07-05,1113.99,0
2010-07-06,1005.9340000000007,1
2010-07-07,834.7879999999997,2
2010-07-08,1212.651999999999,3
2010-07-09,1083.4779999999998,4
2010-07-10,1154.5040000000029,5
2010-07-11,1193.5720000000015,6
2010-07-12,1109.5740000000021,0
2010-07-13,1382.114000000001,1
2010-07-14,1409.4720000000025,2
2010-07-15,1633.161999999997,3
2010-07-16,820.0560000000002,4
2010-07-17,806.3519999999995,5
2010-07-18,812.0380000000005,6
2010-07-19,801.1580000000001,0
2010-07-20,855.8240000000012,1
2010-07-21,1064.1659999999986,2
2010-07-22,1164.4459999999974,3
2010-07-23,1176.1580000000029,4
2010-07-24,921.6680000000022,5
2010-07-25,1130.4099999999999,6
2010-07-26,884.1500000000004,0
2010-07-27,952.3599999999982,1
2010-07-28,862.6540000000001,2
2010-07-29,549.1039999999995,3
2010-07-30,551.2600000000012,4
2010-07-31,554.6160000000015,5
2010-08-01,555.6639999999994,6
2010-08-02,549.4819999999999,0
2010-08-03,615.2120000000015,1
2010-08-04,543.3560000000002,2
2010-08-05,533.4760000000003,3
2010-08-06,524.7460000000012,4
2010-08-07,527.4760000000005,5
2010-08-08,528.4600000000002,6
2010-08-09,535.0640000000013,0
2010-08-10,544.7580000000008,1
2010-08-11,542.002000000002,2
2010-08-12,529.6980000000007,3
2010-08-13,534.2940000000015,4
2010-08-14,554.2700000000025,5
2010-08-15,1055.9860000000008,6
2010-08-16,1129.7300000000023,0
2010-08-17,978.2019999999998,1
2010-08-22,93.33800000000001,6
2010-08-23,765.6580000000006,0
2010-08-24,722.9479999999971,1
2010-08-25,980.4079999999998,2
2010-08-26,757.2520000000003,3
2010-08-27,2030.65,4
2010-08-28,1442.8560000000025,5
2010-08-29,1668.480000000001,6
2010-08-30,1494.8020000000008,0
2010-08-31,1365.1059999999986,1
2010-09-01,1593.317999999999,2
2010-09-02,1392.4920000000013,3
2010-09-03,1346.4140000000004,4
2010-09-04,1743.8399999999995,5
2010-09-05,1323.0180000000028,6
2010-09-06,1422.8759999999988,0
2010-09-07,1451.8540000000023,1
2010-09-08,1303.8119999999994,2
2010-09-09,1238.7140000000006,3
2010-09-10,1328.1080000000006,4
2010-09-11,1463.3100000000006,5
2010-09-12,1612.0920000000006,6
2010-09-13,1076.319999999998,0
2010-09-14,1430.6780000000006,1
2010-09-15,986.0940000000006,2
2010-09-16,1339.7380000000007,3
2010-09-17,1497.6079999999984,4
2010-09-18,1247.9459999999992,5
2010-09-19,919.5999999999993,6
2010-09-20,1682.8319999999992,0
2010-09-21,1111.3759999999995,1
2010-09-22,1510.3939999999961,2
2010-09-23,1449.8620000000014,3
2010-09-24,1327.991999999998,4
2010-09-25,106.00600000000028,5
2010-09-28,470.4259999999997,1
2010-09-29,1684.4259999999972,2
2010-09-30,1248.2779999999998,3
2010-10-01,1504.8200000000008,4
2010-10-02,1923.2539999999972,5
2010-10-03,1830.683999999999,6
2010-10-04,1775.9600000000014,0
2010-10-05,1854.6240000000034,1
2010-10-06,1315.4559999999992,2
2010-10-07,1809.9540000000004,3
2010-10-08,1510.4560000000006,4
2010-10-09,1611.7800000000007,5
2010-10-10,1998.9039999999989,6
2010-10-11,1622.5900000000022,0
2010-10-12,1579.6920000000002,1
2010-10-13,2073.8859999999963,2
2010-10-14,2135.122000000004,3
2010-10-15,1596.3239999999978,4
2010-10-16,1000.0140000000016,5
2010-10-17,1047.3820000000019,6
2010-10-18,2713.8840000000005,0
2010-10-19,1925.9779999999996,1
2010-10-20,1727.9640000000031,2
2010-10-21,1355.1980000000008,3
2010-10-22,1668.8919999999978,4
2010-10-23,2293.236000000001,5
2010-10-24,2390.548000000001,6
2010-10-25,1163.291999999999,0
2010-10-26,945.9039999999985,1
2010-10-27,1260.2780000000023,2
2010-10-28,1463.326,3
2010-10-29,1204.4220000000005,4
2010-10-30,2152.699999999996,5
2010-10-31,1476.429999999998,6
2010-11-01,1383.1799999999994,0
2010-11-02,1191.0819999999997,1
2010-11-03,1293.2979999999995,2
2010-11-04,2555.146000000001,3
2010-11-05,1736.0880000000009,4
2010-11-06,1805.4080000000013,5
2010-11-07,1673.816000000001,6
2010-11-08,1825.5400000000013,0
2010-11-09,2022.0979999999981,1
2010-11-10,1946.534,2
2010-11-11,1773.5919999999992,3
2010-11-12,1836.8219999999963,4
2010-11-13,2023.1739999999984,5
2010-11-14,2038.3919999999998,6
2010-11-15,1747.382000000001,0
2010-11-16,1509.7480000000019,1
2010-11-17,1582.0320000000008,2
2010-11-18,1652.1520000000016,3
2010-11-19,1570.4000000000015,4
2010-11-20,2197.006000000004,5
2010-11-21,900.9100000000026,6
2010-11-22,2041.5359999999994,0
2010-11-23,1577.5359999999998,1
2010-11-24,1796.247999999998,2
2010-11-25,1431.1640000000002,3
2010-11-26,1488.1039999999996,4
